<Environment>
  <camtrans>0.930986 -1.233453 2.412977</camtrans>
  <camrotationaxis>-0.946522 -0.231893 0.224324 122.297980</camrotationaxis>
  <Robot file="robots/pr2-beta-static.zae" name="PR2">
    <translation>-0.75 -0.07551 0.02</translation>
  </Robot>

  <KinBody name="floorwalls">
    <Body type="static">
      <Translation>0 0 0</Translation>
      <Geom type="box">
        <extents>2.5 2.5 0.005</extents>
        <translation>0 0 -0.005</translation>
        <diffuseColor>.6 .6 .6</diffuseColor>
      	<ambientColor>0.6 0.6 0.6</ambientColor>
      </Geom>
      <Geom type="box">
        <extents>2.5 0.01 0.2</extents>
        <translation>0 -2.5 0.2</translation>
        <diffuseColor>.6 .6 .6</diffuseColor>
      	<ambientColor>0.6 0.6 0.6</ambientColor>
      </Geom>
      <Geom type="box">
        <extents>2.5 0.01 0.2</extents>
        <translation>0 2.5 0.2</translation>
        <diffuseColor>.6 .6 .6</diffuseColor>
      	<ambientColor>0.6 0.6 0.6</ambientColor>
      </Geom>
      <Geom type="box">
        <extents>0.01 2.5 0.2</extents>
        <translation>2.5 0 0.2</translation>
        <diffuseColor>.6 .6 .6</diffuseColor>
      	<ambientColor>0.6 0.6 0.6</ambientColor>
      </Geom>
      <Geom type="box">
        <extents>0.01 2.5 0.2</extents>
        <translation>-2.5 0 0.2</translation>
        <diffuseColor>.6 .6 .6</diffuseColor>
      	<ambientColor>0.6 0.6 0.6</ambientColor>
      </Geom>
    </Body>
  </KinBody>

  <KinBody file="data/segway.kinbody.xml">
    <Translation>-0.0671   -0.0819    0.755</Translation>
  </KinBody>
  <KinBody name="mug1" file="data/mug1.kinbody.xml">
    <Translation> -0.0568 -0.2406 0.7550</Translation>
  </KinBody>
  <KinBody name="mug2" file="data/mug1.kinbody.xml">
    <Translation>-0.02   0.15    0.7550</Translation>
  </KinBody>
  <KinBody name="mug3" file="data/mug1.kinbody.xml">
    <Translation>0.0854  -0.0769    0.7550</Translation>
  </KinBody>
  <KinBody name="mug4" file="data/mug1.kinbody.xml">
    <Translation>-0.23   -0.1446    0.7550</Translation>
  </KinBody>
  <KinBody name="mug5" file="data/mug1.kinbody.xml">
    <Translation>-0.1   -0.0151    0.7550</Translation>
  </KinBody>
  <KinBody name="mug6" file="data/mug1.kinbody.xml">
    <Translation>-0.2   0.11    0.7550</Translation>
  </KinBody>

</Environment>
